사고번호,사고일시,요일,시군구,사고내용,사망자수,중상자수,경상자수,부상신고자수,사고유형,법규위반,노면상태,기상상태,도로형태,가해운전자 차종,가해운전자 성별,가해운전자 연령,가해운전자 상해정도,피해운전자 차종,피해운전자 성별,피해운전자 연령,피해운전자 상해정도
2023112200100624,2023년 11월 22일 22시,수요일,세종특별자치시 조치원읍,경상사고,0,0,1,0,차대사람 - 횡단중,보행자보호의무위반,건조,맑음,교차로 - 교차로횡단보도내,이륜,남,18세,상해없음,보행자,여,23세,경상
2023112300100009,2023년 11월 23일 00시,목요일,세종특별자치시 세종동,중상사고,0,1,0,0,차대차 - 추돌,안전운전불이행,건조,맑음,단일로 - 기타,승용,남,31세,기타불명,승용,남,22세,중상
2023112300100187,2023년 11월 23일 10시,목요일,세종특별자치시 고운동,경상사고,0,0,1,2,차대차 - 측면충돌,교차로운행방법위반,건조,맑음,교차로 - 교차로안,승용,여,70세,부상신고,승용,여,33세,경상
2023112300100552,2023년 11월 23일 20시,목요일,세종특별자치시 장군면,경상사고,0,0,1,0,차대차 - 기타,안전운전불이행,건조,맑음,단일로 - 기타,승용,남,38세,상해없음,승용,여,27세,경상
2023112300100601,2023년 11월 23일 22시,목요일,세종특별자치시 어진동,경상사고,0,0,1,0,차대차 - 추돌,안전운전불이행,건조,흐림,단일로 - 기타,승용,여,65세,상해없음,승용,남,28세,경상
2023112400100066,2023년 11월 24일 06시,금요일,세종특별자치시 어진동,경상사고,0,0,1,0,차대차 - 기타,신호위반,건조,맑음,교차로 - 교차로안,승용,남,42세,상해없음,승용,남,60세,경상
2023112400100567,2023년 11월 24일 18시,금요일,세종특별자치시 소정면,경상사고,0,0,1,0,차대사람 - 기타,안전운전불이행,건조,맑음,주차장 - 주차장,승용,남,32세,상해없음,보행자,남,29세,경상
2023112400100708,2023년 11월 24일 23시,금요일,세종특별자치시 금남면,경상사고,0,0,2,0,차대차 - 추돌,안전운전불이행,건조,기타,교차로 - 교차로부근,승합,남,45세,상해없음,승용,남,61세,경상
2023112500100251,2023년 11월 25일 12시,토요일,세종특별자치시 조치원읍,경상사고,0,0,1,0,차대사람 - 기타,안전운전불이행,건조,맑음,교차로 - 교차로부근,승용,남,21세,상해없음,보행자,여,74세,경상
2023112500100297,2023년 11월 25일 13시,토요일,세종특별자치시 조치원읍,경상사고,0,0,1,0,차대차 - 추돌,안전운전불이행,건조,맑음,교차로 - 교차로부근,승합,남,58세,상해없음,화물,남,45세,경상
2023112500100509,2023년 11월 25일 18시,토요일,세종특별자치시 고운동,중상사고,0,1,0,0,차대사람 - 횡단중,안전운전불이행,건조,맑음,단일로 - 기타,이륜,남,23세,상해없음,보행자,여,58세,중상
2023112600100012,2023년 11월 26일 00시,일요일,세종특별자치시 종촌동,중상사고,0,1,0,0,차대차 - 기타,교차로운행방법위반,건조,맑음,교차로 - 교차로안,승용,남,51세,상해없음,승용,남,55세,중상
2023112700100343,2023년 11월 27일 14시,월요일,세종특별자치시 조치원읍,부상신고사고,0,0,0,1,차량단독 - 공작물충돌,안전운전불이행,건조,맑음,단일로 - 기타,승용,남,28세,상해없음,,,,
2023112700100468,2023년 11월 27일 17시,월요일,세종특별자치시 대평동,부상신고사고,0,0,0,1,차대사람 - 횡단중,기타,건조,흐림,단일로 - 기타,승용,여,58세,상해없음,보행자,남,7세,부상신고
2023112700100581,2023년 11월 27일 19시,월요일,세종특별자치시 종촌동,부상신고사고,0,0,0,2,차대차 - 측면충돌,안전운전불이행,건조,맑음,기타 - 기타,승용,여,52세,상해없음,개인형이동수단(PM),여,12세,부상신고
2023112800100015,2023년 11월 28일 02시,화요일,세종특별자치시 조치원읍,경상사고,0,0,2,0,차대차 - 정면충돌,직진우회전진행방해,건조,흐림,교차로 - 교차로안,승용,여,23세,경상,승용,여,66세,경상
2023112800100053,2023년 11월 28일 06시,화요일,세종특별자치시 아름동,경상사고,0,0,1,0,차대차 - 측면충돌,중앙선침범,젖음/습기,흐림,단일로 - 기타,승용,여,63세,상해없음,승용,남,38세,경상
2023112800100080,2023년 11월 28일 07시,화요일,세종특별자치시 연서면,중상사고,0,1,4,0,차대차 - 추돌,안전운전불이행,건조,맑음,단일로 - 기타,승합,남,60세,상해없음,승용,남,63세,경상
2023112800100220,2023년 11월 28일 11시,화요일,세종특별자치시 나성동,경상사고,0,0,1,0,차대차 - 측면충돌,안전운전불이행,건조,맑음,교차로 - 교차로안,승용,남,55세,상해없음,자전거,남,31세,경상
2023112900100385,2023년 11월 29일 17시,수요일,세종특별자치시 연서면,경상사고,0,0,1,0,차대차 - 추돌,안전운전불이행,젖음/습기,흐림,단일로 - 기타,이륜,남,74세,상해없음,승용,여,51세,경상
2023112900100547,2023년 11월 29일 21시,수요일,세종특별자치시 금남면,경상사고,0,0,1,0,차대차 - 추돌,안전운전불이행,젖음/습기,흐림,교차로 - 교차로부근,승용,남,35세,상해없음,승용,여,53세,경상
2023113000100075,2023년 11월 30일 07시,목요일,세종특별자치시 아름동,부상신고사고,0,0,0,2,차대차 - 측면충돌,안전거리미확보,건조,맑음,단일로 - 기타,화물,남,54세,상해없음,승용,여,48세,부상신고
2023113000100122,2023년 11월 30일 08시,목요일,세종특별자치시 금남면,경상사고,0,0,1,0,차대차 - 측면충돌,교차로운행방법위반,건조,맑음,교차로 - 교차로안,승용,여,60세,상해없음,화물,남,37세,경상
2023113000100516,2023년 11월 30일 18시,목요일,세종특별자치시 금남면,경상사고,0,0,1,0,차대차 - 기타,신호위반,건조,맑음,단일로 - 기타,승용,여,37세,상해없음,승합,남,61세,상해없음
2023120100100385,2023년 12월 1일 16시,금요일,세종특별자치시 보람동,부상신고사고,0,0,0,1,차대차 - 측면충돌,안전운전불이행,건조,흐림,단일로 - 기타,승용,남,68세,상해없음,자전거,남,10세,부상신고
2023120100100495,2023년 12월 1일 18시,금요일,세종특별자치시 전의면,경상사고,0,0,2,0,차대차 - 기타,안전거리미확보,건조,맑음,단일로 - 기타,승용,남,62세,경상,승용,남,28세,경상
2023120200100329,2023년 12월 2일 15시,토요일,세종특별자치시 한별동,중상사고,0,1,0,0,차대차 - 측면충돌,안전운전불이행,건조,맑음,단일로 - 기타,승용,남,68세,상해없음,이륜,남,83세,중상
2023120200100583,2023년 12월 2일 23시,토요일,세종특별자치시 다정동,경상사고,0,0,1,0,차대차 - 추돌,안전운전불이행,건조,맑음,단일로 - 기타,승용,남,50세,상해없음,승용,남,40세,경상
2023120300100301,2023년 12월 3일 17시,일요일,세종특별자치시 연서면,중상사고,0,1,5,0,차대차 - 측면충돌,직진우회전진행방해,건조,맑음,교차로 - 교차로안,화물,남,47세,경상,승용,남,64세,경상
2023120400100135,2023년 12월 4일 08시,월요일,세종특별자치시 보람동,경상사고,0,0,2,0,차대차 - 측면충돌,안전운전불이행,건조,맑음,교차로 - 교차로횡단보도내,승용,여,26세,상해없음,자전거,남,60세,경상
2023120400100348,2023년 12월 4일 13시,월요일,세종특별자치시 소정면,경상사고,0,0,1,0,차대사람 - 기타,기타,건조,맑음,교차로 - 교차로부근,화물,남,63세,상해없음,보행자,여,87세,경상
2023120400100582,2023년 12월 4일 19시,월요일,세종특별자치시 전의면,경상사고,0,0,1,0,차대차 - 후진중충돌,안전운전불이행,건조,맑음,교차로 - 교차로안,화물,남,69세,상해없음,승용,남,28세,경상
2023120500100131,2023년 12월 5일 09시,화요일,세종특별자치시 조치원읍,경상사고,0,0,3,0,차대차 - 추돌,안전거리미확보,건조,맑음,단일로 - 고가도로위,승용,남,70세,상해없음,화물,남,64세,경상
2023120500100132,2023년 12월 5일 09시,화요일,세종특별자치시 종촌동,부상신고사고,0,0,0,1,차량단독 - 공작물충돌,교차로운행방법위반,건조,맑음,교차로 - 교차로안,승용,여,45세,부상신고,,,,
2023120500100293,2023년 12월 5일 14시,화요일,세종특별자치시 조치원읍,부상신고사고,0,0,0,1,차대차 - 측면충돌,직진우회전진행방해,건조,맑음,교차로 - 교차로안,승용,여,30세,상해없음,화물,남,71세,부상신고
2023120600100207,2023년 12월 6일 11시,수요일,세종특별자치시 대평동,경상사고,0,0,1,0,차대차 - 추돌,안전거리미확보,건조,맑음,단일로 - 기타,승합,남,59세,상해없음,승용,여,57세,경상
2023120600100408,2023년 12월 6일 17시,수요일,세종특별자치시 조치원읍,경상사고,0,0,2,0,차대차 - 기타,안전운전불이행,젖음/습기,비,교차로 - 교차로부근,승용,남,54세,상해없음,승용,남,64세,경상
2023120600100409,2023년 12월 6일 17시,수요일,세종특별자치시 전의면,부상신고사고,0,0,0,1,차량단독 - 기타,안전운전불이행,젖음/습기,흐림,교차로 - 교차로부근,승합,남,49세,상해없음,,,,
2023120700100144,2023년 12월 7일 09시,목요일,세종특별자치시 조치원읍,경상사고,0,0,1,0,차대차 - 측면충돌,안전운전불이행,건조,맑음,단일로 - 기타,승용,여,57세,상해없음,자전거,남,26세,경상
2023120700100229,2023년 12월 7일 12시,목요일,세종특별자치시 전동면,경상사고,0,0,1,0,차대차 - 추돌,안전운전불이행,건조,맑음,단일로 - 기타,승용,남,31세,경상,화물,남,57세,상해없음
2023120700100419,2023년 12월 7일 17시,목요일,세종특별자치시 고운동,경상사고,0,0,1,1,차대차 - 측면충돌,교차로운행방법위반,건조,흐림,교차로 - 교차로안,승용,남,46세,부상신고,승용,여,52세,경상
2023120700100524,2023년 12월 7일 19시,목요일,세종특별자치시 어진동,중상사고,0,1,1,0,차대차 - 추돌,안전운전불이행,건조,맑음,단일로 - 기타,이륜,남,25세,중상,승용,여,45세,경상
2023120700100563,2023년 12월 7일 21시,목요일,세종특별자치시 어진동,경상사고,0,0,1,0,차대차 - 측면충돌,안전운전불이행,건조,맑음,단일로 - 기타,승용,여,57세,상해없음,승용,여,63세,경상
2023120800100269,2023년 12월 8일 13시,금요일,세종특별자치시 조치원읍,경상사고,0,0,1,0,차대차 - 추돌,안전운전불이행,건조,맑음,교차로 - 교차로부근,이륜,남,41세,상해없음,승용,여,46세,경상
2023120800100398,2023년 12월 8일 16시,금요일,세종특별자치시 합강동,경상사고,0,0,2,0,차대차 - 추돌,안전운전불이행,건조,맑음,교차로 - 교차로부근,승용,남,34세,기타불명,승용,남,27세,상해없음
2023120800100443,2023년 12월 8일 17시,금요일,세종특별자치시 전의면,경상사고,0,0,1,0,차대차 - 기타,안전운전불이행,건조,맑음,단일로 - 기타,승용,여,51세,상해없음,승용,여,32세,경상
2023120800100613,2023년 12월 8일 21시,금요일,세종특별자치시 어진동,경상사고,0,0,1,1,차대차 - 측면충돌,신호위반,건조,맑음,교차로 - 교차로안,이륜,남,23세,부상신고,이륜,남,37세,경상
2023120900100027,2023년 12월 9일 01시,토요일,세종특별자치시 조치원읍,경상사고,0,0,1,0,차대차 - 추돌,안전운전불이행,건조,맑음,교차로 - 교차로부근,승용,여,34세,상해없음,승용,여,56세,경상
2023120900100345,2023년 12월 9일 15시,토요일,세종특별자치시 산울동,경상사고,0,0,1,1,차대차 - 측면충돌,안전거리미확보,건조,맑음,단일로 - 기타,화물,남,68세,상해없음,승용,남,36세,부상신고
2023120900100450,2023년 12월 9일 18시,토요일,세종특별자치시 세종동,경상사고,0,0,2,0,차대차 - 측면충돌,안전운전불이행,건조,맑음,교차로 - 교차로부근,승용,남,62세,기타불명,승용,남,36세,경상
2023120900100556,2023년 12월 9일 22시,토요일,세종특별자치시 아름동,경상사고,0,0,1,0,차대차 - 측면충돌,교차로운행방법위반,건조,맑음,교차로 - 교차로안,승용,여,29세,상해없음,승용,여,37세,경상
2023121000100207,2023년 12월 10일 14시,일요일,세종특별자치시 조치원읍,중상사고,0,1,0,0,차대사람 - 횡단중,안전운전불이행,건조,맑음,교차로 - 교차로안,화물,남,30세,상해없음,보행자,여,61세,중상
2023121100100034,2023년 12월 11일 05시,월요일,세종특별자치시 전의면,중상사고,0,1,1,0,차대차 - 정면충돌,중앙선침범,건조,흐림,단일로 - 기타,화물,남,67세,상해없음,승용,남,32세,중상
2023121200100015,2023년 12월 12일 01시,화요일,세종특별자치시 종촌동,경상사고,0,0,1,0,차대차 - 측면충돌,직진우회전진행방해,젖음/습기,비,교차로 - 교차로안,승용,여,37세,기타불명,승용,여,41세,경상
2023121200100361,2023년 12월 12일 15시,화요일,세종특별자치시 보람동,경상사고,0,0,1,0,차대차 - 후진중충돌,신호위반,건조,맑음,단일로 - 기타,승용,남,28세,상해없음,승용,여,50세,경상
2023121300100196,2023년 12월 13일 11시,수요일,세종특별자치시 해밀동,경상사고,0,0,1,0,차대차 - 추돌,안전운전불이행,건조,맑음,단일로 - 기타,승합,남,48세,기타불명,승용,남,46세,경상
2023121400100408,2023년 12월 14일 17시,목요일,세종특별자치시 조치원읍,중상사고,0,1,0,0,차대차 - 기타,안전운전불이행,젖음/습기,비,교차로 - 교차로안,승용,남,42세,상해없음,승용,남,58세,중상
2023121400100609,2023년 12월 14일 20시,목요일,세종특별자치시 조치원읍,중상사고,0,1,0,0,차대사람 - 횡단중,보행자보호의무위반,젖음/습기,비,교차로 - 교차로부근,이륜,남,40세,기타불명,보행자,여,66세,중상
2023121500100143,2023년 12월 15일 07시,금요일,세종특별자치시 대평동,경상사고,0,0,1,0,차대차 - 측면충돌,교차로운행방법위반,젖음/습기,비,교차로 - 교차로안,승용,남,75세,상해없음,승용,남,29세,경상
2023121500100444,2023년 12월 15일 16시,금요일,세종특별자치시 조치원읍,경상사고,0,0,1,0,차대차 - 측면충돌,차로위반,건조,맑음,교차로 - 교차로부근,화물,남,72세,상해없음,승용,여,45세,경상
2023121500100678,2023년 12월 15일 21시,금요일,세종특별자치시 어진동,경상사고,0,0,2,0,차대차 - 측면충돌,신호위반,건조,맑음,교차로 - 교차로안,승용,여,37세,경상,승용,여,64세,경상
2023121600100327,2023년 12월 16일 15시,토요일,세종특별자치시 연동면,경상사고,0,0,1,0,차대차 - 측면충돌,직진우회전진행방해,건조,맑음,교차로 - 교차로안,승용,남,45세,상해없음,승용,여,53세,경상
2023121700100194,2023년 12월 17일 13시,일요일,세종특별자치시 어진동,경상사고,0,0,1,0,차대사람 - 보도통행중,보행자보호의무위반,적설,흐림,교차로 - 교차로안,승용,남,29세,상해없음,보행자,여,43세,경상
2023121700100275,2023년 12월 17일 16시,일요일,세종특별자치시 전의면,경상사고,0,0,7,0,차대차 - 추돌,안전거리미확보,젖음/습기,흐림,단일로 - 기타,승용,남,39세,상해없음,화물,남,38세,경상
2023121800100117,2023년 12월 18일 08시,월요일,세종특별자치시 조치원읍,중상사고,0,1,0,0,차대차 - 측면충돌,교차로운행방법위반,건조,맑음,교차로 - 교차로안,승용,남,44세,상해없음,승용,여,60세,중상
2023121800100428,2023년 12월 18일 17시,월요일,세종특별자치시 소정면,중상사고,0,1,0,0,차대차 - 기타,안전운전불이행,건조,맑음,교차로 - 교차로안,승용,여,41세,상해없음,승용,남,49세,중상
2023121800100578,2023년 12월 18일 23시,월요일,세종특별자치시 종촌동,경상사고,0,0,1,0,차대차 - 측면충돌,신호위반,건조,맑음,교차로 - 교차로안,이륜,남,17세,상해없음,승용,남,44세,경상
2023121900100013,2023년 12월 19일 00시,화요일,세종특별자치시 어진동,중상사고,0,1,1,0,차대차 - 측면충돌,안전운전불이행,건조,기타,교차로 - 교차로안,승용,남,40세,상해없음,승용,남,50세,경상
2023121900100298,2023년 12월 19일 15시,화요일,세종특별자치시 조치원읍,경상사고,0,0,2,0,차대차 - 기타,신호위반,건조,맑음,교차로 - 교차로안,승용,여,68세,경상,승용,여,48세,경상
2023121900100513,2023년 12월 19일 21시,화요일,세종특별자치시 장군면,경상사고,0,0,1,0,차대차 - 추돌,안전운전불이행,건조,맑음,교차로 - 교차로안,승합,남,35세,기타불명,승용,여,45세,경상
2023121900100527,2023년 12월 19일 22시,화요일,세종특별자치시 조치원읍,중상사고,0,1,1,0,차대차 - 추돌,안전운전불이행,건조,맑음,교차로 - 교차로부근,승용,남,38세,상해없음,승용,남,23세,중상
2023121900100528,2023년 12월 19일 22시,화요일,세종특별자치시 어진동,중상사고,0,3,0,0,차대차 - 후진중충돌,안전운전불이행,건조,맑음,교차로 - 교차로부근,승용,여,50세,상해없음,승용,남,30세,중상
2023122000100055,2023년 12월 20일 06시,수요일,세종특별자치시 아름동,사망사고,1,0,0,0,차대차 - 추돌,안전운전불이행,건조,맑음,단일로 - 기타,승용,남,38세,상해없음,자전거,여,56세,사망
2023122000100318,2023년 12월 20일 16시,수요일,세종특별자치시 전동면,경상사고,0,0,1,0,차대차 - 측면충돌,안전운전불이행,젖음/습기,흐림,단일로 - 기타,화물,남,50세,상해없음,승용,남,32세,경상
2023122000100539,2023년 12월 20일 22시,수요일,세종특별자치시 소담동,경상사고,0,0,1,0,차대차 - 기타,중앙선침범,건조,맑음,단일로 - 기타,승용,남,61세,상해없음,승용,여,32세,경상
2023122100100290,2023년 12월 21일 13시,목요일,세종특별자치시 소담동,경상사고,0,0,1,1,차대차 - 기타,신호위반,건조,맑음,교차로 - 교차로안,이륜,남,16세,부상신고,승용,남,26세,경상
2023122100100512,2023년 12월 21일 18시,목요일,세종특별자치시 대평동,중상사고,0,1,0,0,차대차 - 기타,안전거리미확보,건조,맑음,단일로 - 기타,승용,여,63세,상해없음,승용,남,39세,중상
2023122100100554,2023년 12월 21일 19시,목요일,세종특별자치시 새롬동,경상사고,0,0,1,0,차대사람 - 기타,안전운전불이행,건조,맑음,단일로 - 기타,승합,남,49세,상해없음,보행자,여,15세,경상
2023122200100041,2023년 12월 22일 03시,금요일,세종특별자치시 합강동,중상사고,0,1,0,0,차대차 - 추돌,안전운전불이행,건조,맑음,교차로 - 교차로부근,특수,남,50세,상해없음,화물,남,38세,중상
2023122200100273,2023년 12월 22일 12시,금요일,세종특별자치시 조치원읍,경상사고,0,0,1,0,차대차 - 후진중충돌,안전운전불이행,건조,맑음,단일로 - 기타,승용,남,63세,상해없음,승용,남,50세,경상
2023122200100367,2023년 12월 22일 14시,금요일,세종특별자치시 금남면,사망사고,1,0,0,0,차대차 - 추돌,안전운전불이행,건조,맑음,교차로 - 교차로부근,화물,남,45세,상해없음,화물,남,68세,사망
2023122200100520,2023년 12월 22일 17시,금요일,세종특별자치시 조치원읍,경상사고,0,0,3,0,차대차 - 추돌,안전거리미확보,젖음/습기,흐림,단일로 - 기타,승용,남,25세,상해없음,승용,남,61세,경상
2023122200100521,2023년 12월 22일 17시,금요일,세종특별자치시 고운동,경상사고,0,0,2,0,차대차 - 측면충돌,신호위반,건조,맑음,교차로 - 교차로안,승용,남,41세,상해없음,승용,여,50세,경상
2023122200100653,2023년 12월 22일 19시,금요일,세종특별자치시 새롬동,경상사고,0,0,1,0,차대차 - 기타,신호위반,건조,맑음,교차로 - 교차로안,기타불명,기타불명,미분류,기타불명,승용,남,42세,경상
2023122300100216,2023년 12월 23일 11시,토요일,세종특별자치시 전동면,사망사고,1,0,0,0,차대차 - 정면충돌,중앙선침범,건조,흐림,단일로 - 기타,승용,여,34세,상해없음,농기계,남,80세,사망
2023122300100265,2023년 12월 23일 12시,토요일,세종특별자치시 조치원읍,경상사고,0,0,2,0,차대차 - 측면충돌,안전운전불이행,건조,맑음,교차로 - 교차로안,승용,남,41세,상해없음,승용,남,63세,경상
2023122300100298,2023년 12월 23일 13시,토요일,세종특별자치시 고운동,경상사고,0,0,2,0,차대차 - 기타,신호위반,건조,맑음,교차로 - 교차로안,승용,여,47세,기타불명,승용,남,38세,경상
2023122300100338,2023년 12월 23일 14시,토요일,세종특별자치시 대평동,경상사고,0,0,5,0,차대차 - 기타,기타,건조,맑음,교차로 - 교차로부근,승합,남,48세,상해없음,승용,여,41세,경상
2023122300100374,2023년 12월 23일 15시,토요일,세종특별자치시 새롬동,경상사고,0,0,2,0,차대차 - 기타,안전운전불이행,건조,맑음,미분류 - 미분류,승용,여,53세,상해없음,승용,여,51세,경상
2023122300100536,2023년 12월 23일 19시,토요일,세종특별자치시 조치원읍,경상사고,0,0,1,0,차대차 - 추돌,안전운전불이행,젖음/습기,맑음,교차로 - 교차로부근,승용,남,36세,상해없음,승용,남,46세,경상
2023122300100537,2023년 12월 23일 19시,토요일,세종특별자치시 다정동,경상사고,0,0,4,0,차대차 - 추돌,안전운전불이행,건조,맑음,교차로 - 교차로부근,승용,남,25세,상해없음,승합,남,57세,경상
2023122300100582,2023년 12월 23일 21시,토요일,세종특별자치시 가람동,경상사고,0,0,1,0,차대차 - 측면충돌,중앙선침범,건조,맑음,단일로 - 기타,승용,남,42세,기타불명,이륜,남,22세,경상
2023122400100012,2023년 12월 24일 00시,일요일,세종특별자치시 연기면,경상사고,0,0,1,0,차량단독 - 공작물충돌,안전운전불이행,젖음/습기,비,교차로 - 교차로부근,승용,남,39세,경상,,,,
2023122500100349,2023년 12월 25일 22시,월요일,세종특별자치시 전의면,경상사고,0,0,1,0,차량단독 - 공작물충돌,안전운전불이행,젖음/습기,눈,단일로 - 기타,승용,남,55세,경상,,,,
2023122600100111,2023년 12월 26일 08시,화요일,세종특별자치시 고운동,부상신고사고,0,0,0,1,차대차 - 측면충돌,안전거리미확보,건조,맑음,교차로 - 교차로안,승용,여,31세,상해없음,승용,여,41세,부상신고
2023122600100514,2023년 12월 26일 18시,화요일,세종특별자치시 나성동,중상사고,0,1,0,0,차대사람 - 횡단중,안전운전불이행,건조,맑음,단일로 - 기타,승용,여,51세,상해없음,보행자,여,57세,중상
2023122700100037,2023년 12월 27일 05시,수요일,세종특별자치시 연서면,경상사고,0,0,1,0,차대차 - 측면충돌,신호위반,건조,맑음,교차로 - 교차로안,승용,남,48세,상해없음,승용,남,44세,경상
2023122700100555,2023년 12월 27일 19시,수요일,세종특별자치시 대평동,부상신고사고,0,0,0,1,차대차 - 측면충돌,안전거리미확보,건조,맑음,단일로 - 지하차도(도로)내,승용,여,60세,상해없음,승용,여,62세,부상신고
2023122700100597,2023년 12월 27일 20시,수요일,세종특별자치시 용호동,중상사고,0,1,1,0,차대차 - 정면충돌,신호위반,건조,흐림,교차로 - 교차로안,승용,남,42세,상해없음,화물,남,52세,경상
2023122700100654,2023년 12월 27일 23시,수요일,세종특별자치시 조치원읍,중상사고,0,1,1,0,차대차 - 추돌,안전운전불이행,건조,흐림,교차로 - 교차로부근,승용,남,41세,중상,승용,남,39세,경상
2023122800100049,2023년 12월 28일 06시,목요일,세종특별자치시 대평동,중상사고,0,1,0,0,차대차 - 측면충돌,신호위반,젖음/습기,흐림,단일로 - 지하차도(도로)내,승용,남,57세,기타불명,이륜,남,54세,중상
2023122800100176,2023년 12월 28일 11시,목요일,세종특별자치시 나성동,경상사고,0,0,1,0,차대차 - 측면충돌,신호위반,건조,맑음,교차로 - 교차로안,승용,여,42세,상해없음,승용,남,43세,경상
2023122800100313,2023년 12월 28일 15시,목요일,세종특별자치시 가람동,경상사고,0,0,1,1,차대차 - 측면충돌,안전운전불이행,건조,맑음,단일로 - 지하차도(도로)내,승용,여,79세,경상,승용,남,68세,부상신고
2023122900100115,2023년 12월 29일 08시,금요일,세종특별자치시 조치원읍,중상사고,0,1,0,0,차대차 - 측면충돌,기타,건조,맑음,교차로 - 교차로안,승용,남,51세,상해없음,자전거,여,15세,중상
2023122900100141,2023년 12월 29일 09시,금요일,세종특별자치시 어진동,경상사고,0,0,1,0,차대차 - 측면충돌,신호위반,건조,맑음,교차로 - 교차로부근,승합,남,55세,상해없음,승용,여,32세,경상
2023122900100142,2023년 12월 29일 09시,금요일,세종특별자치시 금남면,경상사고,0,0,1,0,차대차 - 측면충돌,안전거리미확보,건조,맑음,단일로 - 기타,특수,남,48세,상해없음,승용,남,72세,경상
2023122900100217,2023년 12월 29일 11시,금요일,세종특별자치시 용호동,경상사고,0,0,3,0,차대차 - 측면충돌,신호위반,건조,맑음,교차로 - 교차로안,승용,남,59세,경상,승용,남,60세,경상
2023122900100293,2023년 12월 29일 13시,금요일,세종특별자치시 부강면,경상사고,0,0,1,0,차대차 - 측면충돌,안전운전불이행,건조,맑음,교차로 - 교차로부근,승용,남,63세,상해없음,화물,남,34세,경상
2023122900100382,2023년 12월 29일 15시,금요일,세종특별자치시 조치원읍,경상사고,0,0,1,0,차대차 - 측면충돌,기타,건조,맑음,교차로 - 교차로안,승용,남,28세,상해없음,자전거,남,69세,경상
2023122900100586,2023년 12월 29일 19시,금요일,세종특별자치시 연서면,경상사고,0,0,1,0,차대차 - 추돌,안전거리미확보,건조,맑음,단일로 - 기타,승용,남,38세,상해없음,승용,남,68세,경상
2023122900100587,2023년 12월 29일 19시,금요일,세종특별자치시 장군면,경상사고,0,0,1,0,차대차 - 측면충돌,안전운전불이행,건조,기타,단일로 - 기타,승용,남,65세,상해없음,승용,남,63세,경상
2023122900100628,2023년 12월 29일 20시,금요일,세종특별자치시 도담동,경상사고,0,0,1,0,차대차 - 기타,교차로운행방법위반,건조,맑음,교차로 - 교차로안,승용,남,51세,상해없음,자전거,여,33세,경상
2023123000100017,2023년 12월 30일 00시,토요일,세종특별자치시 누리동,경상사고,0,0,2,0,차대차 - 기타,안전운전불이행,건조,맑음,단일로 - 기타,승용,남,50세,상해없음,승용,남,46세,경상
2023123000100253,2023년 12월 30일 13시,토요일,세종특별자치시 산울동,부상신고사고,0,0,0,4,차량단독 - 기타,기타,건조,맑음,단일로 - 기타,승용,남,43세,부상신고,,,,
2023123000100400,2023년 12월 30일 18시,토요일,세종특별자치시 조치원읍,경상사고,0,0,1,0,차대차 - 후진중충돌,안전운전불이행,건조,맑음,단일로 - 기타,화물,남,72세,상해없음,이륜,여,62세,경상
2023123100100042,2023년 12월 31일 07시,일요일,세종특별자치시 아름동,경상사고,0,0,1,0,차대차 - 측면충돌,안전운전불이행,젖음/습기,비,교차로 - 교차로부근,승용,남,70세,상해없음,승용,남,53세,경상